{
    "entity.cave_evolved.ambient": {
        "sounds": [
            "cave_evolved/cavenoise_1",
            "cave_evolved/cavenoise_2",
            "cave_evolved/cavenoise_3",
            "cave_evolved/cavenoise_4"
        ]
    },
    "entity.cave_evolved.hurt": {
        "sounds": [
            "cave_evolved/dweller_hurt_1",
            "cave_evolved/dweller_hurt_2",
            "cave_evolved/dweller_hurt_3",
            "cave_evolved/dweller_hurt_4"
        ]
    },
    "entity.cave_evolved.death": {
        "sounds": [
            "cave_evolved/dweller_death"
        ]
    },
    "entity.cave_evolved.step": {
        "sounds": [
            "cave_evolved/chase_step_1",
            "cave_evolved/chase_step_2",
            "cave_evolved/chase_step_3",
            "cave_evolved/chase_step_4"
        ]
    }
}